nombre;apellido;email
Carmen;Moreno;carmen.moreno@yahoo.es
Marta;García;marta.garcia@gmail.com
Lucía;Martínez;lucia.martinez@gmail.com
Carmen;Fernández;carmen.fernandez@yahoo.es
Carmen;Martínez;carmen.martinez@hotmail.com
Sara;Sánchez;sara.sanchez@outlook.com
Alberto;Martínez;alberto.martinez@hotmail.com
Andrés;Gómez;andres.gomez@outlook.com
Alberto;García;alberto.garcia@gmail.com
Raúl;López;raul.lopez@outlook.com
Alberto;Martínez;alberto.martinez@hotmail.com
Andrés;Pérez;andres.perez@gmail.com
Laura;Martínez;laura.martinez@hotmail.com
Laura;García;laura.garcia@hotmail.com
Juan;Ruiz;juan.ruiz@gmail.com
Raúl;Sánchez;raul.sanchez@gmail.com
Juan;Pérez;juan.perez@hotmail.com
Marta;Fernández;marta.fernandez@gmail.com
Lucía;Moreno;lucia.moreno@hotmail.com
Juan;Díaz;juan.diaz@yahoo.es
Andrés;García;andres.garcia@outlook.com
Juan;López;juan.lopez@hotmail.com
Carmen;López;carmen.lopez@outlook.com
Lucía;Ruiz;lucia.ruiz@hotmail.com
Laura;Gómez;laura.gomez@hotmail.com
Andrés;Díaz;andres.diaz@gmail.com
Alberto;Pérez;alberto.perez@yahoo.es
Carmen;Fernández;carmen.fernandez@yahoo.es
Lucía;Martínez;lucia.martinez@hotmail.com
Lucía;Martínez;lucia.martinez@hotmail.com
Alberto;Martínez;alberto.martinez@gmail.com
Carmen;Ruiz;carmen.ruiz@hotmail.com
Raúl;Martínez;raul.martinez@outlook.com
Marta;Gómez;marta.gomez@hotmail.com
Lucía;Díaz;lucia.diaz@yahoo.es
Lucía;Ruiz;lucia.ruiz@hotmail.com
Sara;Pérez;sara.perez@yahoo.es
Carmen;Martínez;carmen.martinez@yahoo.es
Laura;Sánchez;laura.sanchez@outlook.com
Juan;Fernández;juan.fernandez@hotmail.com
Juan;García;juan.garcia@gmail.com
Pablo;Fernández;pablo.fernandez@gmail.com
Marta;López;marta.lopez@gmail.com
Pablo;Fernández;pablo.fernandez@yahoo.es
Pablo;Fernández;pablo.fernandez@hotmail.com
Laura;Martínez;laura.martinez@gmail.com
Laura;Gómez;laura.gomez@outlook.com
Marta;Ruiz;marta.ruiz@gmail.com
Lucía;Fernández;lucia.fernandez@hotmail.com
Carmen;Pérez;carmen.perez@yahoo.es